user_id,amount
1609,77711.79
1696,83716.34
9647,4600.12
5816,97590.13
5208,91466.32
2748,53996.28
7348,55027.77
4642,82192.15
9876,63948.57
9305,61147.72
3788,92846.43
1823,79479.32
5698,69795.8
9730,55432.46
9368,70070.19
3361,81337.53
3838,64763.32
1864,26200.75
6327,90881.17
1464,64745.37
3508,78892.17
5151,53134.67
1703,90629.5
8130,41370.98
3280,84049.33
5877,27910.71
5864,38818.98
6905,45719.89
1565,93627.64
4741,86952.95
6553,65935.46
5294,81465.65
7437,24889.29
2992,83589.43
2334,15609.39
5010,97607.11
2375,16868.05
8044,35177.17
1190,62483.51
7761,18731.26
3770,54564.04
3901,61245.29
2306,90170.31
8326,64462.44
1986,53382.68
1243,4161.48
3253,40867.98
7231,23582.47
4891,45997.68
5519,46815.94
8741,50763.1
4479,65535.67
6319,96826.26
4484,45820.71
9905,12387.13
4801,80911.64
5383,14368.6
3143,19874.08
9742,1091.35
9699,25760.91
8009,11772.71
1952,50279.27
4809,27067.51
8437,42830.92
8301,9748.04
9966,92914.84
5605,99725.32
1506,22421.76
2929,74916.5
5166,82620.05
8492,64982.21
8853,63587.96
9639,61555.39
4726,8550.35
7029,15537.19
9426,33989.57
3432,13901.16
8163,83624.5
3745,16074.8
4166,66574.61
4759,7817.55
2412,91486.21
3193,14946.14
2865,44576.16
8634,96964.54
4799,32830.03
7293,10372.97
6434,77871.55
5398,65197.68
6514,92052.74
5180,25084.08
2841,10385.72
1165,84947.26
9512,4168.15
6053,93160.35
6243,89737.63
7164,4288.97
1441,30432.57
9984,57804.04
5080,36852.33
9075,74728.06
7105,22270.77
8533,48877.5
5270,39527.4
8098,65495.23
8821,95576.49
6898,77439.86
3574,5221.96
2517,85773.86
7926,3497.42
2033,31820.0
1884,80086.76
1426,62566.85
9405,71808.74
6819,82251.77
3600,72854.85
5901,14684.82
9137,47583.36
6908,6161.64
5320,59618.45
5071,61220.29
3791,36832.74
3965,4186.65
1426,7157.76
9957,89207.89
7506,77443.15
6901,96540.91
6318,85167.64
4905,3866.25
5682,17371.66
9039,13514.39
9149,84820.17
4924,5087.92
8212,40704.44
5677,44371.06
4994,12520.23
3648,48729.51
5859,96254.48
7685,44883.27
8979,20923.53
8544,11115.41
8228,80667.93
5031,82744.16
4745,23036.08
8634,94283.08
3356,4965.03
6209,97616.55
7530,6097.01
9991,92912.5
2687,19866.96
1831,70391.11
4195,27860.95
7557,99737.95
9492,94210.47
6372,44891.69
1692,86080.64
3155,45388.11
8511,4584.94
4381,36894.79
8574,42248.23
9991,19257.11
8144,75596.43
4256,15408.91
3326,81168.81
7917,56966.7
5620,46147.92
4038,5372.3
7272,3498.89
7582,98583.21
6842,30500.47
8079,30041.26
5438,95840.16
6907,52953.02
4563,36606.42
4000,88376.8
1686,78142.17
7149,60020.51
5089,11239.01
2519,62981.49
3556,25600.64
6227,32859.44
3051,67125.3
8869,7861.37
5278,57176.66
9229,69566.36
2479,18434.7
8817,98720.25
3418,87992.52
8090,94445.49
5027,79051.48
5491,54138.82
7823,57283.95
3312,84266.27
7250,49311.48
2799,8547.85
1311,79901.44
3721,59856.06
2688,4763.92
2000,83288.65
2432,20483.74
8629,82635.25
4677,88063.92
5783,35011.82
2016,40501.22
2765,71307.93
2539,79046.42
9801,43478.04
4530,61121.76
9184,61535.63
8579,8698.86
1268,38867.82
4812,97768.67
8986,16010.5
2129,97308.56
3753,8948.89
7376,7605.14
5557,20096.4
4668,54138.18
4880,25334.47
3839,96846.67
3742,30735.22
6216,70682.2
3950,41377.12
2373,28421.11
7734,39681.4
9172,87786.3
5136,73671.78
3612,49119.29
4027,40030.71
8164,87356.96
8951,31823.68
6429,2052.52
6106,68253.92
9193,59820.8
4664,95502.11
9147,5371.39
9949,13500.12
8020,86827.23
5663,65057.33
5773,93807.69
5421,42105.81
3265,26866.8
6456,34861.41
3860,45158.73
5841,91188.5
7699,32607.39
9400,15614.24
5759,10373.57
7340,56411.73
9635,56401.33
3562,96940.5
6242,14100.14
8119,58049.9
2646,83956.32
8686,87819.42
8441,75761.63
2484,53542.14
7413,57530.42
6702,79546.82
3770,56597.99
7313,45887.54
2589,21648.96
3737,12594.52
8608,64888.55
9043,34439.99
6768,8234.9
9084,21048.9
3593,50218.1
5000,49827.2
9134,97167.67
4662,43354.08
3127,37516.07
5937,55197.46
7903,94587.16
2480,6918.16
5903,97066.53
5150,68325.13
2630,25339.31
6160,35224.65
6602,66002.68
2937,41252.97
7666,52063.16
1620,37202.65
6455,1157.57
6941,44337.32
8272,81956.61
2919,63253.15
8829,90586.83
8656,48504.39
4818,26199.01
7828,86042.79
9471,39927.18
6834,71124.78
1511,90913.19
1672,52438.66
9482,71893.15
3755,30613.26
4202,37244.93
5660,16768.11
2255,88093.45
4524,8428.12
6796,50650.46
2680,41260.7
8146,84796.79
7770,12444.89
1317,51507.1
6901,67172.03
9558,47203.67
6908,12075.37
2766,67758.29
9880,83339.78
2969,81825.9
3838,72295.97
9351,32079.72
7599,71897.47
1732,48924.91
7685,49490.11
6841,87082.1
5529,74532.41
5278,26970.81
1249,68960.7
7751,50478.03
3068,41280.0
2923,52499.96
4483,28014.09
9788,88864.2
3967,47981.26
5218,61683.29
7324,97056.87
6181,54814.09
4258,71204.27
7763,56127.97
8293,76975.05
9117,41979.65
3000,61828.71
5159,91605.05
9512,1301.4
1004,44471.06
8967,72506.73
5543,87013.11
7215,2400.21
7634,43007.03
7896,10939.91
8294,99509.7
2441,58901.56
6330,57741.94
9325,60204.34
6866,44917.38
1050,80303.83
7103,63869.88
6451,29002.21
6756,4243.59
4163,41237.8
2004,51926.17
7222,1074.82
4322,6621.2
2249,46021.41
4566,29888.14
8080,39616.14
5032,57923.44
8766,95321.82
6094,50219.86
1847,76680.04
3172,96433.11
2375,52466.32
1213,28440.58
2201,41626.65
3400,39709.55
3288,33887.98
1704,67628.4
4907,81738.11
2872,91846.94
8336,17659.56
6607,28959.81
4271,89878.99
3266,36438.34
8581,77885.81
5654,28058.32
6579,65340.22
8969,78936.05
6490,45031.65
1831,9791.46
3762,80051.46
4838,15400.8
4216,52889.01
1459,47993.58
4769,47423.68
7821,43747.64
6679,34712.56
5622,74633.03
2100,87050.24
9623,7561.37
4374,14103.77
4786,8722.56
9314,70716.09
3232,37350.98
5276,5947.42
4603,33519.08
9143,25077.75
8126,62988.44
9342,52790.55
1149,28944.46
8220,53215.25
7821,9390.03
2175,57039.19
9433,84926.87
4425,26881.32
1780,50877.3
4515,57230.17
1393,13296.6
2780,52224.89
3840,16846.81
1919,79800.64
7479,86557.3
7607,42911.08
2163,16874.54
5348,39297.78
7155,64809.1
8796,65681.69
3900,70431.49
9813,29802.76
3746,55556.89
5387,16500.04
5946,36689.43
2431,94517.36
8636,41857.61
4251,62103.11
3190,69724.03
7136,82016.36
7410,3283.09
6366,90448.11
3346,5337.42
1104,12992.91
1131,2857.15
3233,8949.63
8667,70941.8
4667,96096.54
6553,48327.41
9529,78663.91
5573,85094.05
9969,43452.12
5542,21801.35
9555,76109.01
5927,23585.71
3774,28126.07
2202,23710.15
2318,40091.28
2174,92920.28
8887,57886.84
2451,78667.89
2120,41772.1
9659,92305.34
4139,6271.2
4938,36351.24
8056,91317.08
7038,43170.3
9331,56157.3
1577,30353.19
8961,88074.32
5203,5454.47
4654,34109.49
5900,83548.99
7174,48516.65
2001,12156.16
3026,64899.88
5298,48951.03
1551,84976.47
5222,48309.11
4611,81757.49
4150,1772.08
6059,67194.31
6125,45796.6
2024,33396.02
5308,23889.78
9806,8220.14
7357,46340.01
2915,54486.27
6150,50240.48
5007,19025.35
7252,50770.24
5575,88045.41
2581,48545.72
2028,44486.35
3864,44109.76
5774,37938.91
4918,90560.13
2861,70591.74
2888,95262.23
3436,35898.27
6185,16594.87
3797,47298.67
9532,80104.65
6555,75812.41
6224,7097.09
7118,6731.16
6762,64318.67
8734,83113.55
7231,89130.18
3352,24408.6
4596,79085.52
9978,96175.62
8198,20291.63
2422,95291.9
9113,81861.65
6966,78244.94
1545,51272.28
2427,59650.12
5435,54023.0
5854,4599.67
2404,61117.99
6772,53753.45
7680,80328.36
9738,77018.35
3807,3689.56
9063,89079.58
6575,23821.11
2486,61076.77
2646,97090.76
9463,46799.9
5394,47159.85
5013,97946.33
4361,57887.75
8391,87806.79
2115,96542.2
3033,99098.16
9548,47893.96
8474,20267.24
7117,87148.12
1743,57274.94
2570,85727.29
3482,24655.2
8251,87693.4
9008,86812.04
9201,67899.66
6763,43435.0
1537,77351.21
3491,21545.68
7711,29499.5
8262,47695.07
4643,97278.76
9431,62325.41
1612,39648.56
9668,72281.19
2503,92427.43
6007,10471.48
4446,61300.21
3155,4915.23
6237,65650.51
1668,93718.25
9298,34721.03
7814,24471.02
7887,83344.94
1555,35348.41
6141,16066.12
2421,68434.44
8627,5389.9
9126,10382.43
3207,11814.56
5285,18537.71
2697,71923.84
3044,46127.02
6548,33809.39
1268,55846.76
6801,24468.46
3247,79367.63
6215,72951.55
6314,19832.98
3441,49982.14
5133,99386.89
4794,92631.14
6411,66519.22
6551,16323.0
4398,42203.57
7053,46762.33
5942,70425.15
6940,62338.52
7010,86372.16
7808,98329.27
7403,53852.37
7756,57653.46
1009,72925.82
4700,40656.55
4873,57416.71
5065,18792.98
1830,76886.88
7454,76495.96
3216,73460.58
5023,8820.47
7016,96732.43
5920,57642.36
5108,55555.0
2648,55362.24
5043,86029.6
4653,94717.3
2652,34820.37
2553,80598.98
8644,10216.02
3321,63861.96
1224,75887.28
7038,57253.3
7641,44721.44
1186,26507.24
5247,55114.04
9612,87777.54
3276,62473.67
3435,18003.77
3187,2116.73
8123,93045.03
4446,61163.3
8508,94909.69
5182,3493.87
5354,79576.13
1249,78693.52
9903,13357.41
4795,69412.56
5003,27835.07
5367,74550.44
3400,12172.55
7232,53324.68
2570,29659.31
8503,81691.24
7694,69441.84
1384,92664.12
2782,27910.89
2529,6048.64
9678,43413.64
1446,24454.75
6627,74487.8
9258,39358.69
2416,94400.85
8262,29398.13
2457,93198.27
4315,79844.67
6354,95004.39
3968,32557.63
8859,80201.26
7430,53193.32
3860,86117.18
9161,48215.93
4483,66687.72
9168,39734.97
4461,57133.64
2793,31633.67
8441,79015.79
5853,54787.62
5194,56816.78
9489,29183.19
3091,96949.74
3213,85232.6
3204,60995.09
5056,75243.51
2153,82215.36
8183,81167.58
1004,62895.26
9550,23979.82
2636,4601.35
6061,57815.65
6427,42483.4
6412,13422.88
9085,36801.06
6695,46750.65
9626,56007.27
1193,50754.05
4333,46839.94
6097,35583.17
8146,25523.4
2337,25564.63
9369,9780.03
6111,39211.42
2500,92493.88
9841,1925.26
3498,64370.48
5531,43787.39
8463,36841.99
6435,74335.05
4642,26194.91
9176,94431.1
3551,75826.52
1073,72240.83
9741,22429.04
9026,44259.35
7503,34336.96
8624,22548.16
2525,8519.05
4025,94645.82
4676,49663.5
9732,42422.88
2474,9361.8
1620,96809.9
4067,45906.31
3426,78692.3
6573,67782.24
4528,82621.58
3057,4173.73
8658,90721.24
1411,5211.99
5749,38458.58
2736,15766.56
8809,82102.99
8912,31967.43
9523,70910.55
8829,52468.18
7823,98381.45
2883,86632.25
4116,27623.88
3942,34575.25
4760,97764.73
5615,66336.41
9796,85925.25
1012,2233.29
2057,85533.46
5787,21312.13
3357,77767.07
2432,87221.42
6827,14324.81
6266,8934.73
6517,22524.06
6393,28218.88
4457,19561.95
5583,10815.61
1149,60173.21
6124,16600.49
3449,64409.9
8958,2033.84
2777,15449.34
7746,36998.38
2741,17174.03
4107,7866.25
8764,20562.15
1080,54869.74
4185,85941.72
3864,36740.22
8849,66997.3
9581,85772.89
7325,79144.52
5723,32694.67
1618,55394.12
8224,28897.78
7956,38484.85
1870,22974.83
6045,83972.06
2050,42753.91
8184,19654.27
3776,80946.15
4882,42664.37
6379,53020.13
3687,59779.54
1379,91831.63
2787,79906.73
7821,27509.09
7235,27646.5
3171,24072.84
5813,35459.11
1375,42407.75
4665,57828.06
8449,48318.55
1107,71849.57
4188,53548.52
3687,47972.35
5333,33010.51
8536,24694.06
6467,98512.45
8024,5807.36
7021,12646.18
6624,53555.28
7685,50304.83
4990,88389.02
2555,5082.32
3228,2876.16
3533,43063.61
7406,73528.36
6845,63500.53
3268,72784.25
5937,21764.83
7049,87026.43
8859,47023.4
6496,21212.47
2244,87955.73
4135,77394.47
2370,97933.2
7546,78833.98
4377,26708.4
2091,29011.56
6876,79822.16
6885,21259.83
9249,27714.75
7003,50862.45
9323,88391.24
1745,19543.62
1048,21025.64
9473,7111.06
1861,77282.62
3790,35079.89
1993,10927.69
5505,36462.45
5309,28306.33
7591,78768.32
8379,59756.79
2319,44781.52
9293,56776.71
7317,83788.53
8750,55246.41
1675,51167.34
7250,19286.45
7374,85092.31
5989,54774.57
1309,67385.88
9172,57112.05
1298,4073.49
2465,97932.84
5688,47040.7
2432,77089.2
7447,61043.7
4662,78435.97
9077,10281.26
9442,75307.85
9937,9193.52
2958,34232.14
1730,31156.23
7745,30327.11
3663,93691.42
8785,77020.97
7452,99247.38
1969,72095.45
3694,90871.25
1781,31823.37
3231,66867.62
7631,3785.52
8527,2973.31
6339,99454.68
9416,75347.26
8806,92000.55
9294,26863.14
2675,50423.98
6683,79550.43
1740,11403.48
6466,54303.5
1002,93348.37
4550,16731.85
4555,43673.06
9210,31727.97
6678,69192.48
1196,89606.68
5677,60886.48
3627,43481.04
9310,3298.66
4849,83052.5
5600,49453.18
6954,4720.37
7026,86751.62
4586,69514.01
6987,21067.3
4987,98550.18
6089,78750.49
6695,67662.93
2969,33395.73
5106,27496.74
9966,32195.67
2682,5082.82
4580,86881.34
5000,31309.92
3350,77400.02
6763,71780.21
7601,83482.79
7181,27210.75
8904,73314.78
7189,89679.81
7751,96855.06
9374,41445.71
9637,33865.58
9778,99843.27
6626,22076.4
2779,38342.98
3724,92978.46
7909,65953.76
3069,54028.03
1202,5226.91
6831,39076.66
3897,54991.9
7638,74545.65
7563,17759.11
9855,50576.44
1865,29563.02
7316,96323.48
6159,84995.94
9601,92851.83
2143,94487.39
1215,70721.26
4222,46879.18
5206,45375.92
5733,73092.31
3487,49270.21
6506,10052.33
8382,82361.4
3659,11213.71
3163,43679.28
9847,56966.18
9678,91769.15
7805,67990.26
2055,51675.94
7508,27545.72
7623,54810.34
2439,69232.01
4232,2221.15
6552,27144.23
3353,1102.44
5757,70238.5
7781,51462.61
4320,79615.22
6933,75185.2
7651,97027.47
6860,7708.57
1992,5576.07
6547,62886.72
5840,69228.11
8745,5849.55
5481,53634.31
4604,16730.89
4963,21689.38
3178,22428.39
4236,5720.96
6109,37247.78
8568,20055.93
8897,98368.76
5675,81144.8
5601,92639.04
4991,39564.58
2347,50149.08
6690,76979.42
8775,25467.59
6753,92548.38
9534,12092.55
2119,71965.05
1581,59464.47
8941,84000.85
8059,13411.54
6815,38692.45
7123,41242.5
8818,65463.84
6022,46234.44
7514,92409.49
7518,95276.79
9068,35463.88
3954,24792.81
6483,69729.7
5835,37562.42
2766,35956.63
5205,88054.05
9101,93001.4
5174,46248.78
6280,48559.6
1198,46203.12
2481,73168.3
3755,19592.0
9554,66243.86
7480,11638.06
4830,4845.92
7215,5692.12
7687,69985.63
8393,91607.42
3478,78925.35
1629,74139.72
9730,48617.41
9675,97730.16
3182,90091.16
1569,47981.67
9891,69716.66
8224,40264.45
4035,83627.53
2290,90516.6
3057,59475.69
8809,91525.74
2379,72401.34
6340,51804.3
6217,61351.51
1930,63129.2
7122,64084.37
2638,26203.36
7950,25482.3
2970,15050.17
2030,70821.87
4069,86362.62
5476,42745.45
3488,6494.22
5165,97991.59
2748,93160.29
5135,72748.82
4770,87149.39
3377,33519.09
8212,33299.2
9313,75386.14
2901,89863.03
5831,64369.08
2447,93772.46
4262,73783.56
4400,81376.46
9397,55202.74
5529,4706.55
7563,44595.67
9522,15957.62
1408,5305.52
8810,45694.43
9799,54608.84
9140,80086.34
5930,35419.45
1399,24395.93
6245,98719.06
5283,26086.35
2257,3811.28
7681,71445.58
3004,36643.57
5864,4945.78
1093,17278.32
8889,62130.45
6991,33556.92
4427,94176.98
6684,32276.03
3541,24821.37
6873,51243.6
1525,56121.54
1897,3831.38
9593,4393.78
3447,52017.81
1761,19216.78
2638,28616.03
1368,5750.0
1171,30646.57
7647,35953.55
9853,57493.35
4423,61579.88
7205,6610.82
5773,51732.6
9313,96794.43
1439,30546.02
1812,79098.77
8054,17018.73
1414,75077.96
7061,75441.69
9790,44123.43
8079,56706.31
8117,58907.9
6906,2329.34
2561,87020.17
5774,14448.31
8788,37289.17
6231,73811.28
8690,31826.98
5149,24875.9
6756,12400.44
3689,72598.67
9728,56058.94
1255,31805.85
6264,15907.92
3208,74534.66
8596,48529.74
7022,23786.72
7719,62331.32
6931,36331.23
2625,79910.29
7444,56080.94
2419,56737.54
1816,1940.06
7117,65567.66
9339,1124.98
5193,7021.32
4745,58364.93
4245,63490.28
2648,98064.9
7069,27836.33
4676,7247.66
5598,99719.61
1047,6311.62
1385,70558.59
3029,11011.88
2747,24380.31
7456,96330.96
2454,5089.34
3136,89203.1
7622,99135.8
1045,14583.12
8416,26615.13
3570,15899.47
4396,55563.73
6804,43780.28
1692,6014.14
5339,31150.08
6990,85044.74
9218,22177.1
9179,68632.97
6982,58144.82
1822,39378.66
6481,12925.01
3964,11528.01
2344,88014.66
6980,14219.28
5121,94220.36
5641,72018.14
1978,74756.13
2773,23287.18
8128,70068.97
9372,50321.76
2460,30712.22
9624,52531.96
5515,85393.47
3539,89034.54
9460,24592.46
4411,29805.96
2414,26583.54
5759,91952.1
7138,10399.8
7030,47172.31
9810,69986.87
3291,83722.73
9202,80417.02
1885,14584.32
7694,68224.32
5726,36019.02
3471,5940.1
3303,66615.65
5931,36138.2
4089,10628.19
3568,95423.95
4626,17617.72
8103,11970.58
4957,19525.27
3356,19991.91
4735,20262.64
6469,94303.75
1455,91886.51
3525,58222.95
7637,8698.13
6472,49832.38
1598,29850.54
1092,28269.64
7006,25039.47
4127,55786.13
6553,30522.27
4121,42206.66
5080,9372.19
4238,52530.29
8012,55163.03
9242,54427.0
1336,10902.31
7206,25080.5
5869,47336.58
2409,32541.73
5327,63974.37
3683,4244.55
4829,60820.27
9424,29685.94
7794,27569.97
7366,99603.17
9372,23460.93
3323,87182.49
3472,30072.83
2150,22850.03
4646,80551.5
5928,15786.05
9343,27231.74
4055,87848.59
9040,79979.89
4427,91411.99
9124,68610.02
7105,28260.86
5368,78916.88
9583,52779.49
9295,5769.89
1640,7307.03
7352,4656.47
2439,72879.74
7754,93614.43
1816,89612.75
8966,10639.19
1548,21303.62
1135,82207.82
9388,45551.23
3014,88442.23
9506,87434.7
4999,54265.84
2296,54019.02
8306,11702.01
9170,38586.92
4846,51664.04
8691,75478.87
2261,11165.89
1151,26622.98
5822,71528.93
5821,32315.24
6637,82751.44
5331,2414.42
5936,65263.14
5579,89247.89
2213,77084.22
2009,81220.15
7916,93854.93
7708,74871.82
6719,96985.56
3404,36141.32
9068,14685.81
2370,86999.23
7264,12162.73
8772,48436.91
2486,88463.93
5254,29589.13
3701,27616.65
2627,46125.54
9123,96010.32
5342,4378.47
4808,82995.68
9671,96035.15
7131,52644.06
4584,45773.17
8656,24486.77
6687,26711.78
3095,92963.17
4056,92859.88
4757,29149.68
4071,78097.3
9220,23071.46
2432,65094.45
7769,3630.14
1258,82650.58
1844,44658.86
3170,41395.95
3681,49859.47
3196,86659.86
9933,9012.4
3516,62948.75
5412,93833.15
5244,59505.01
3574,9480.04
1384,90972.89
8560,63673.02
3916,73990.08
9973,16664.14
6066,87885.72
6958,21554.96
8334,37300.09
8830,19403.29
4401,59676.54
9072,44164.03
1119,50642.38
5011,51399.88
7762,7076.39
5790,1760.33
5899,14468.56
9074,91880.87
9177,72314.44
1259,12248.39
6909,74830.66
7298,86669.22
1828,50024.8
6007,50762.86
6150,80089.1
7128,92874.69
8070,10671.96
1903,45780.12
3547,46620.77
5292,32100.86
4663,92481.4
8543,81355.99
7983,96404.29
4836,20393.28
7095,81691.27
7404,35818.73
4695,26225.43
6995,73314.66
2393,17777.3
2271,8737.9
9594,1080.6
4474,63065.4
1294,75993.32
2625,97118.01
5150,37401.69
9895,79914.92
1350,15792.06
8353,81541.87
3631,84477.81
5860,21969.09
3875,59068.15
6182,39543.62
2415,18630.45
4875,61001.13
8662,60624.72
1613,98191.41
7624,79798.91
8341,59956.35
4931,66006.8
6640,87103.56
4451,68658.37
3723,81903.99
2652,91788.35
1231,57364.47
8335,71768.78
4441,9791.45
6470,15451.47
2633,2898.75
3535,36383.27
6525,54026.85
3391,89421.52
7115,85850.61
7937,93157.69
1337,49022.95
9429,9000.56
8547,11640.15
3682,69126.63
8120,65464.12
8699,7576.24
4169,38365.51
4212,95356.01
2990,27011.58
2952,42972.74
7678,1994.67
4366,7625.1
7391,33419.06
3530,17792.68
3862,25363.11
3213,40353.56
1531,6837.04
8758,60758.35
3737,93625.84
8043,25754.6
5434,13363.23
1129,96906.73
5861,27941.33
4686,97133.5
5474,80194.97
6319,1568.93
2327,69948.97
2580,22443.21
4043,10395.55
3956,96736.96
2626,15970.85
5539,59029.44
3491,94858.9
8755,57039.68
5865,26216.54
9023,58859.63
1070,15313.05
9111,67664.21
1232,64818.63
4795,42679.38
3724,57184.97
7827,28777.64
9262,73985.26
5795,79450.19
8436,52301.63
9564,10791.36
2504,33163.81
7900,24999.22
9607,48738.7
1736,46786.76
4445,33331.25
1397,16841.93
8112,40156.55
8007,76266.64
7889,59423.79
3938,39918.25
9112,90606.45
7274,88932.43
8852,78900.27
6243,20585.12
4065,75081.86
5497,44714.06
9253,28218.33
4356,69533.76
1911,16928.84
4517,10147.97
3959,60464.85
2793,30225.64
4286,22924.34
7489,92556.75
6201,9479.8
2703,33083.52
6136,42603.44
8658,61924.18
8880,79931.32
1207,65913.58
3704,84932.27
5393,37171.95
4213,48599.95
9171,74859.79
2069,3162.18
4900,10815.61
9584,75658.14
7420,63838.89
2238,90180.5
3845,36186.24
4781,23702.19
2932,77262.62
4576,75828.73
3660,23372.15
3891,92913.65
9036,90509.02
1529,7514.38
6943,67953.42
2748,61672.22
3275,86653.85
9644,57887.97
9026,99995.54
7817,52036.37
5608,58569.86
3538,5386.01
1166,57392.72
6438,15936.92
2893,38867.66
4547,92967.66
3740,97376.16
5548,76581.62
5787,50938.4
1685,11526.31
1606,31480.3
1680,59325.37
1571,16736.93
4055,70460.72
8616,96390.92
8251,91328.71
3640,95618.8
4218,88427.66
7590,48667.39
4090,23656.81
9300,79106.37
4631,81343.44
1596,34026.16
3038,58209.4
8588,13527.58
6525,60254.99
7969,44608.65
9597,62064.36
3811,33131.58
1158,87894.81
2538,55827.46
1339,2166.38
7055,56413.18
5416,55950.28
3224,43228.21
3716,40812.61
5157,43046.6
9919,75459.33
2016,18337.38
3078,4722.49
4837,42726.01
4269,10079.87
4768,85825.99
1879,93493.03
6642,12712.14
1862,27883.27
7997,21860.38
3056,77094.09
9011,17533.37
8591,64044.75
2640,97669.59
7721,40255.55
2807,86439.09
8321,91613.76
2337,46490.7
1300,79527.46
4306,44012.52
7640,90521.78
8710,3643.68
6779,46909.23
9802,49084.64
5267,46285.14
4453,84387.5
2132,47469.66
2783,36449.22
9686,72789.26
9880,92558.88
6289,89306.68
2981,83700.74
9636,15550.14
4493,90873.59
2233,52234.13
8680,11175.54
9231,5973.52
1128,39272.61
6948,92170.66
7877,53404.06
2417,32178.79
1454,85059.75
7566,13456.94
8116,66157.59
6524,91734.53
4772,15619.6
9458,88426.68
5367,35239.97
1165,38842.34
3115,74671.74
7159,44900.37
3391,21543.62
2631,94960.43
6598,63089.05
8850,87749.72
4647,48576.84
3305,11901.29
9704,86955.67
2826,13866.54
6397,95187.28
8502,84962.3
8883,14576.38
1745,79339.1
9566,34509.08
3697,38162.75
3789,83447.02
6326,52950.72
7257,99953.51
2225,6964.83
7885,97281.8
5221,35054.08
3072,72726.89
2094,71304.34
2116,64355.12
3250,36805.97
5512,39698.66
4958,12710.59
1132,58222.1
5167,77827.98
2867,12910.0
1829,55652.23
5640,4718.02
2994,59075.69
6117,97613.85
4606,65045.2
3010,22834.23
2627,30469.71
7406,58659.09
3395,57030.89
1191,55019.19
7375,5551.21
1849,81989.28
1169,91498.35
6505,72837.35
4005,85177.4
1778,73198.52
9945,42655.24
9288,29583.1
5344,8262.48
6219,89877.16
3493,5108.95
2300,18619.63
2102,86146.77
5364,3967.09
6507,12743.13
4841,50109.71
6854,50055.92
4516,79607.02
6627,51330.49
9504,84601.43
3164,47013.55
4508,27094.54
4129,87777.8
4978,48448.5
9155,4630.82
8795,20874.57
8172,56767.51
9533,64160.92
4087,49250.18
8157,11694.88
3311,90931.35
5995,36274.65
8306,79797.54
3120,35346.19
9852,93043.14
9012,24201.04
8694,28074.19
2884,86298.79
8896,72636.02
8194,46758.07
5674,17540.24
4150,89090.99
4756,63768.32
2085,2631.04
3510,78459.04
6236,25037.4
7523,10026.52
4732,36828.05
3215,17511.2
1155,60139.21
6055,74998.52
9570,33869.66
9310,21938.44
8697,79760.71
4071,4871.89
4205,93147.61
4316,60288.4
3274,64230.8
6972,71991.88
6224,51850.26
5265,64513.98
1288,18562.14
6495,70929.14
6330,45190.27
3710,18691.78
9091,55844.63
5381,67297.21
4296,29743.53
9157,25850.85
3508,44706.76
7466,84723.0
5810,70116.38
9521,5370.48
7966,86229.04
4502,24967.19
7005,35676.17
1677,64265.86
4223,8745.95
8643,83013.27
9275,25137.43
1038,71319.56
8617,34695.69
2031,41317.56
5261,85392.42
5260,6903.09
8621,41242.73
7379,17636.46
8618,86086.93
5233,93229.46
7994,32720.66
4835,43096.57
5689,80375.46
1730,18267.52
8075,82799.39
9516,10948.68
8054,24024.79
2416,18616.26
7684,54578.34
8824,96393.31
6125,89447.06
8401,59119.51
3269,76691.98
6175,45062.27
6525,27906.99
5815,78829.45
6121,52787.68
2102,19223.61
1705,98788.82
6328,75185.24
9677,44574.14
6318,95889.97
5648,88484.07
8115,41960.26
1384,22816.6
2867,42021.2
5657,92242.63
9338,17663.56
3008,71073.34
2512,33069.1
7060,43855.17
5117,6061.58
6145,74785.36
7727,95807.5
1120,35200.88
3431,66767.11
1434,56195.84
3523,47187.49
2290,11337.31
4635,73030.05
3576,75274.81
1938,52484.19
8919,88238.17
5536,78457.05
1950,76155.0
9062,44099.69
8908,79071.78
5324,33399.79
4653,83468.82
9522,41064.06
5607,75665.37
5974,85685.84
6539,86242.78
6599,30168.11
1044,28552.21
4247,20262.85
1135,22630.66
2164,53946.38
4247,29919.84
9406,78711.91
2203,27762.21
4662,20122.53
2393,66064.34
7196,92417.07
1452,50802.77
2165,81938.68
6529,21829.41
7876,81969.25
6748,93025.15
7969,75908.33
6216,34305.16
6192,80754.21
4951,49955.19
9856,69533.89
5303,83649.54
3797,3645.16
1916,13386.22
2126,79753.1
5500,15324.56
1466,88541.59
9904,63911.43
9169,7497.14
9930,54390.94
6043,50871.62
5923,50773.08
3146,65440.39
1121,29678.32
1312,24890.87
9307,69817.57
6306,42015.73
3326,49933.41
4202,85004.73
8591,80956.1
8441,25045.7
9071,57376.86
2810,73290.7
1041,71486.03
5830,95830.62
5806,7673.14
6551,51730.39
3029,34950.75
6116,35565.85
1600,76274.81
8006,7072.14
3535,65577.79
6788,78623.91
4092,25605.73
8777,15019.02
2605,61368.34
6987,15097.68
8177,78408.29
9829,66666.7
3814,12960.47
6892,77035.81
7759,79388.09
6838,20898.79
6733,56190.08
7500,33174.04
9610,11464.43
2614,56489.5
2948,84787.24
4659,23274.7
4286,86365.17
7331,85885.54
7019,4286.62
5586,74625.94
5176,90592.6
8514,67739.5
6755,96214.05
8128,11194.06
7175,81577.86
4609,28096.45
7770,42518.04
8657,75120.83
5351,6577.63
4133,89882.98
5186,48464.67
9661,88998.61
6287,50163.61
9050,1483.89
6823,2552.96
3913,50689.73
5835,39478.19
2715,68307.36
8366,95428.2
7711,48675.77
6814,9415.62
6358,34726.67
9580,77948.21
3847,75356.55
5682,37137.03
4594,64913.92
5476,47418.45
3001,23177.21
4406,42941.19
4912,50978.43
1471,89177.45
1037,15899.02
2126,38139.28
6230,86095.01
2918,70765.46
9252,89400.76
8654,38310.9
4569,48188.08
3886,38828.15
2374,74455.89
3838,79892.29
3046,87611.8
4629,63794.49
6735,71487.61
8157,44579.24
2124,51816.4
6059,38875.22
1523,15525.4
7926,87233.46
2655,92869.39
7419,84732.81
9324,36712.28
6396,47670.6
3510,85554.73
2234,38385.37
5049,11913.83
6284,27555.71
7939,6903.24
4886,76055.32
7862,69483.92
8566,20742.52
4567,35975.64
3975,27944.93
4209,16665.39
9641,72625.8
2390,53389.87
4879,92155.73
6208,37208.31
4735,67189.51
4987,31866.01
1816,44957.14
8573,30322.94
4014,49700.14
5992,72085.23
1891,56668.91
7399,46273.96
9664,61282.5
6960,16286.51
2502,78301.25
5933,32677.33
8524,54684.98
5344,76013.71
4950,30547.41
4573,67334.27
2136,65142.76
6550,19680.48
5622,35922.08
7073,1240.04
7839,49438.86
7913,32887.65
2645,31168.72
9248,67110.77
6399,92636.13
2326,41499.2
5865,84894.07
2114,93052.7
4869,95966.99
3653,78551.85
8829,38852.11
8151,22099.49
4032,67300.01
3479,86879.53
7563,77836.93
3156,87555.84
5402,57761.17
8580,74465.62
1581,75090.84
9959,59925.5
1574,86354.34
2274,49941.4
3086,34065.07
4877,86546.29
6769,34449.75
7573,8563.01
9606,43826.87
8793,67446.13
7242,12436.24
1986,44950.59
7857,49342.25
3381,87038.61
7475,54369.12
9408,41600.14
8501,80569.67
9151,98997.32
5395,68497.12
3295,91433.12
6709,45168.1
3973,10815.43
9039,90500.59
7552,77770.36
4379,29461.6
3207,76918.42
3972,11953.87
6657,18320.77
7312,10164.28
2155,7354.26
2917,5276.71
7355,58319.04
2017,94199.68
1526,23976.77
9190,7062.92
5719,43821.77
2342,21910.96
5179,38882.17
5120,86967.95
5291,86142.29
1971,91887.96
6242,81548.84
3738,69806.83
7096,78438.49
3744,39107.46
7637,38205.19
4571,39808.04
9406,50818.98
4123,22168.54
4540,32292.99
1189,21689.97
5098,68431.44
3734,63717.52
8126,71463.74
7894,71670.56
7098,63623.01
1341,1818.56
5550,12198.8
9084,88325.79
5619,6838.66
4195,18049.35
8486,68854.51
9849,69507.27
3914,59040.75
2878,8432.43
8376,15164.14
3462,8418.66
2184,31070.03
8220,10775.61
5062,73110.15
2414,74670.85
1453,97473.28
3785,2187.92
8221,22400.38
3506,86658.99
3618,34378.69
6056,20661.69
1680,15827.97
2321,55782.16
8302,56191.07
4576,42447.95
9835,40776.76
4196,80456.71
7218,75550.06
7865,38549.24
2678,43961.26
9055,65893.11
2215,59584.38
9896,67084.01
6224,45511.13
9975,77932.14
9824,94079.53
5806,84287.16
2779,66913.21
3722,40185.97
3799,14071.73
3480,96113.56
9265,16953.31
3318,40461.93
7470,24151.92
8582,1938.98
1075,65569.86
5324,88577.53
9335,27093.78
3024,75205.01
2724,14308.76
1978,18392.77
6974,52363.18
1246,71051.4
5247,78164.49
3481,56025.15
8809,49289.96
9784,36085.92
7447,60731.55
2697,34050.8
5161,14641.59
9044,2554.36
3395,25298.64
3395,33314.81
3470,88272.1
4113,72367.05
1165,43325.65
6705,84770.87
3938,71881.17
8186,70651.63
3641,4910.88
9376,1328.1
8355,99823.25
8493,20337.01
7164,68066.36
4112,19328.46
2342,84979.92
3520,8441.34
4424,52491.25
6032,67406.68
5270,82688.08
5370,9186.97
2314,89424.22
5863,77850.15
6002,85406.97
8418,4276.59
4648,57281.05
8936,60094.3
1042,41381.11
1294,52173.19
6217,82443.76
7292,38959.39
1515,83693.02
9504,49450.33
2417,84348.67
7558,95777.22
4895,62107.94
6133,89286.26
4633,79151.32
1469,91534.72
7326,45982.26
9537,95743.09
7507,17022.37
8301,76542.56
6757,6702.16
2231,78225.78
2551,95878.92
3597,33617.2
3028,92646.68
1206,61643.66
2136,90890.7
6507,34928.13
7912,84102.71
4552,84960.59
2801,72495.27
6067,98036.31
8909,93642.16
8507,54108.26
7085,83579.58
4174,81666.06
5921,15899.8
5032,89662.47
4863,35460.99
5993,52258.79
1495,92205.46
4626,60739.03
9765,57823.66
1012,51081.83
9491,41651.67
3936,1382.5
4710,31193.07
9520,59479.31
7019,81665.05
5141,8939.82
6999,92679.36
6012,43062.92
4891,49983.43
4335,86416.6
2138,47871.89
6385,50619.63
9612,37958.45
1814,32757.39
8042,90170.39
8811,64393.41
7280,30010.69
3185,80835.7
3520,5516.33
7936,29489.51
4954,99673.32
6568,37908.48
5615,22555.66
5692,74076.09
6046,7954.04
3472,51736.28
4352,76265.85
2213,26734.54
9274,73698.26
4667,81126.4
7241,47291.55
4698,84491.78
8289,64663.3
7561,70347.95
9827,89873.46
8613,8751.82
8493,67012.13
9975,64393.57
7943,13349.58
4656,89322.94
7277,29560.81
1251,3014.51
1002,16865.08
2026,64795.14
7784,62622.09
8902,88816.11
3608,38348.68
1239,48518.99
8881,52564.05
8949,72743.63
5564,53281.68
8160,15248.38
2905,43640.82
2081,54516.42
2674,86358.15
2716,63579.32
5667,99577.8
5336,10350.65
3061,56236.34
7987,84633.38
5723,85885.94
7391,88210.44
4487,43244.48
1545,7972.2
2591,49408.86
4850,37459.27
2946,33955.8
7215,6433.83
1732,1822.28
6951,98766.76
1685,36077.89
9647,30518.8
2380,70721.15
5935,73225.93
2819,85059.3
2873,77481.86
6662,35073.54
8838,36366.71
3241,66209.94
5812,92952.38
3114,67163.4
6948,80802.13
2902,69174.26
3716,90478.2
3402,87781.49
6813,47077.8
1659,32292.83
7254,18030.85
3237,13142.47
4821,6951.25
1288,33874.03
4399,57596.21
7867,26513.09
2511,79559.55
8413,75192.9
3999,9316.97
6213,58407.99
9134,36357.72
8510,8075.58
5428,11472.42
1853,34086.69
4225,27858.67
1105,62656.35
5813,86169.68
1036,92219.62
9579,21254.99
5202,12310.7
9110,72546.19
6169,9098.18
6763,31206.98
6835,87868.79
9540,5305.15
9907,46987.82
5592,99670.03
7922,75232.16
7778,61843.75
2503,44650.1
2161,11258.72
5205,18520.19
7800,61813.97
8827,72551.01
6399,28045.39
1054,38019.48
5635,41644.41
7219,23523.05
2605,19461.46
2498,84434.79
1470,8502.11
5789,51920.38
2735,79687.09
5860,23596.9
3075,37838.51
6478,81213.69
3484,47385.86
6898,29633.87
9735,73585.71
6084,83502.42
8529,98865.67
2614,36643.61
4997,75371.7
2109,75818.03
1524,31936.07
4552,11116.98
5211,3613.57
3953,72456.56
7281,62310.97
8028,53179.24
2670,1827.43
8421,50378.73
9420,8720.19
7698,60979.23
7838,79764.34
6404,50997.11
9656,76004.81
8475,98725.26
7531,9712.97
1138,45343.05
4567,34528.28
5992,56524.73
3376,11755.47
7227,12759.35
7364,40238.22
7302,49558.34
1922,3820.31
2741,44946.16
4185,91570.12
5082,25813.72
2217,5468.93
3396,40677.53
1187,54921.58
4314,12896.77
1309,40408.64
3080,2116.53
5467,66572.4
3577,62757.6
8368,18065.94
9077,21995.32
4281,6871.15
1755,35989.3
1146,54305.84
1853,9260.44
6926,93197.57
4234,97769.07
9070,61608.1
5943,57178.29
4158,3793.18
7850,73864.94
4222,44693.29
9228,80209.68
2053,67142.61
3917,54241.82
3528,33856.32
5387,32079.17
3787,49400.54
2129,98600.32
3630,82936.8
9596,96819.03
3813,39197.5
8918,45559.62
5466,77531.76
4313,79381.46
7006,14020.31
7446,14191.2
7491,43470.85
9115,39049.36
3571,27980.73
9097,93146.28
5630,1221.38
8279,38998.6
4975,68389.28
9773,57391.3
3816,12125.8
2423,44018.12
6225,78932.94
8941,76896.41
5932,38102.31
5625,88305.12
1755,63054.51
6996,89909.54
8438,59563.37
5220,12260.21
9469,9927.59
6934,54889.01
4023,13574.68
3903,80545.99
6715,30288.06
5925,59442.32
7971,67437.75
3832,77107.06
3549,77846.76
5586,31693.2
7813,3047.56
3302,3348.01
8539,26951.02
6946,68333.32
2246,87968.85
6624,28612.13
2264,53820.74
7160,98990.12
4525,77184.71
7294,40318.21
3422,84904.9
5716,37381.18
7924,52792.24
4305,83768.63
9817,17945.61
3189,86029.92
4177,95661.8
4796,88793.51
4290,77084.36
6722,47997.17
4211,60802.07
7303,46814.13
5533,21135.47
1255,96380.12
9386,32540.96
9494,72394.17
3883,52004.21
5665,13637.14
5580,85362.48
9461,68973.49
4139,67965.04
6568,50694.84
9158,39476.86
2985,53091.2
2389,52796.67
7366,75882.49
7969,12398.77
8568,22645.45
6877,40421.04
6216,14830.75
6895,44032.24
1976,84984.32
5503,85662.46
5773,60344.84
1231,94473.14
9960,75405.54
5828,41484.55
2970,89310.55
1340,97685.52
3445,95372.65
7714,64366.42
5555,64268.15
1113,18424.13
5157,10789.07
9169,56986.57
3040,70150.06
2443,7635.89
4047,41054.74
6387,98877.21
5356,98687.51
8176,14949.81
1542,31233.77
5518,62236.67
2308,25517.51
2703,37801.9
6638,26685.16
5494,64217.24
6519,84076.32
7775,36810.1
4961,88010.72
6543,47799.92
7152,45764.34
3386,33522.7
9195,86716.34
8149,95359.12
9772,25089.45
3140,17959.56
1575,44421.96
6176,49563.63
7296,87884.45
6920,37622.02
9687,78877.33
3237,2704.57
2811,1004.99
3392,35539.62
8186,71946.04
9284,30021.6
3737,88685.45
1548,6941.11
9204,10677.82
2964,98692.91
6465,1651.03
9882,35204.87
8586,19293.96
4793,61262.69
4737,13714.3
5504,24818.39
2128,95156.21
4688,37488.52
9855,65891.12
1396,29047.43
8037,62771.4
2450,83844.56
5148,35503.76
4332,28282.98
8888,45074.99
1771,92347.86
1383,65677.94
9134,48222.39
3794,95235.57
2409,62846.88
9153,62936.98
4386,15374.33
9501,49000.96
4807,30322.71
2783,22221.56
3656,52894.76
1751,74551.97
2959,8128.74
4881,79035.7
6747,37642.45
2987,53885.42
1640,21817.64
6930,50007.56
4722,70340.14
2758,53674.64
9458,96562.53
4362,33419.01
1924,60399.33
7085,6215.96
4935,31350.62
1709,24118.43
4493,57545.31
3249,43801.56
6582,93458.76
9857,32956.99
4939,66079.87
6860,72302.6
8818,3329.01
3539,55497.32
1433,79054.09
9169,5184.74
6130,21339.21
2645,73294.96
6463,87701.42
6594,60298.39
2544,76051.09
4200,68857.15
3740,40265.78
7264,14157.31
2827,67962.08
4593,32962.8
5348,1232.36
3725,69388.78
9211,38672.06
7654,65246.28
2913,28499.86
5742,42274.18
3853,36331.27
1874,31632.58
8416,86305.4
8125,36849.9
1561,81404.47
1520,82860.05
3073,69674.8
3902,1667.82
1326,68319.43
1842,23053.21
8531,47871.96
4715,85822.92
8581,14355.99
6458,73748.7
8895,82911.75
3375,86077.47
4109,95940.23
6226,44602.11
9019,54840.72
5099,75421.53
2949,47904.85
1628,25682.2
2657,39665.61
6132,38980.0
5567,17054.99
6836,70166.25
4607,92593.82
5223,7648.72
2184,26729.8
2765,28653.61
2703,18487.41
5933,49541.58
2908,62849.39
4986,47763.27
4949,4850.62
6609,85493.67
4637,78263.75
1830,6580.01
5668,48315.89
2457,60549.44
9690,58492.96
7465,19746.2
7258,80996.75
2924,67000.58
7782,9336.48
5211,76716.01
3852,96198.94
1543,35914.53
8842,86185.64
7150,95500.29
6122,47387.17
9663,71982.85
6813,19765.35
8571,69803.4
8870,4548.86
9371,43975.9
9242,79740.52
4578,11386.2
4087,63621.74
9659,7090.45
6316,18706.73
5965,39248.63
4374,78081.32
4422,57649.4
3211,98134.03
5735,81561.69
6804,34727.98
1315,19596.93
9762,14084.65
8667,87452.37
9184,4747.03
8981,87027.0
9579,6684.6
9413,47048.64
8964,67554.59
9465,88254.59
5769,29241.14
1738,79926.36
8373,31620.03
4868,6344.74
1600,75366.23
3383,55804.88
2458,30191.27
3554,89400.17
4228,10996.86
5315,59499.58
2573,91465.92
6623,27350.99
8985,75097.19
6692,45471.1
6055,68631.86
1863,95952.03
5831,21745.63
6142,78994.27
4915,42760.18
8880,98992.81
9486,95965.8
6715,53823.38
7963,60943.39
3346,47625.55
4859,2520.61
4848,88314.64
3940,15599.32
4580,85638.37
6621,14135.86
7247,75918.76
8411,97174.36
4069,89906.73
1548,3522.95
9389,39251.63
9432,84383.05
1473,96384.0
3923,3213.75
9389,15515.49
2500,81943.96
7601,96507.15
8609,19728.19
9600,96508.76
3090,63377.13
2457,17407.54
1788,85344.28
9175,34809.97
6767,40325.11
4293,32523.81
2564,1753.99
1507,52111.16
5044,70698.53
4711,90376.65
6861,54570.14
8817,18163.39
6661,5698.02
6638,90865.08
8356,40593.03
4191,8343.39
6757,8609.97
2428,28476.81
3034,36023.17
2195,31842.62
8211,54031.29
9825,95069.54
9291,72260.47
7410,12850.71
8639,49617.66
6955,60616.7
5991,7166.22
4897,76200.97
5532,6512.88
6928,68305.02
6338,36793.44
5622,66609.11
4037,41981.36
4157,6934.59
8842,64080.96
9242,21183.24
9818,17198.9
2616,12100.25
3762,96770.17
9218,59296.59
8702,12516.23
2260,55774.07
9473,7977.41
5205,64151.45
8045,25552.51
5958,81375.5
5539,82453.96
1287,95555.83
4884,46103.27
3361,59736.92
6379,57881.44
7241,28841.37
6820,32553.91
4632,53305.78
8104,36733.55
7064,21790.15
3090,85043.74
6717,26745.81
1250,8246.69
9535,33886.76
5588,62297.12
5106,8351.71
8987,17646.73
9391,45615.49
2557,65641.06
9367,61462.04
3390,61603.96
1137,89181.28
1924,70093.53
9345,80983.6
5593,56994.62
8267,61292.48
5962,53143.82
5867,13986.97
5568,32230.51
8749,48111.2
1688,61764.74
9824,54514.16
1359,17921.1
5117,62952.69
4005,77284.35
2415,14575.94
4879,29234.06
3827,85926.63
9253,7957.94
8546,13144.37
2628,64927.52
1768,47323.45
8598,31575.4
5128,7891.5
5367,28140.09
1551,24131.95
3676,60633.08
7315,9831.1
6578,47011.39
1763,95916.61
3195,66895.59
3588,46140.01
8237,25576.03
2845,19200.73
9304,20599.77
2268,71995.52
2775,79078.43
4159,78671.54
8681,75746.55
9136,52791.1
5041,97422.03
3807,41568.97
6858,32944.98
4610,23820.86
6250,67264.91
9206,41173.49
5467,67523.61
6052,92810.86
1263,83861.54
1173,96502.21
1300,18621.24
7259,77428.78
5055,8818.7
4293,82329.47
7143,2602.58
4258,7089.64
3089,16010.59
2572,7277.3
5460,38793.03
1961,57899.91
2973,65875.64
4583,65881.09
3015,24796.04
5082,91360.83
2017,48865.42
4025,23751.58
4807,14279.07
7416,55781.63
7445,94047.53
8512,81387.0
6589,13323.92
1320,33495.9
3900,35670.09
3125,80863.22
4704,50689.17
9348,7569.27
6033,18759.34
6465,86010.98
4374,66709.26
8346,24184.83
7827,12213.89
8538,59919.09
1569,83644.36
3201,96688.88
6486,69313.6
5667,39254.09
4786,42119.99
7517,86769.83
1040,77497.27
1437,74632.53
8807,87307.59
3612,39949.69
3869,91481.74
6260,19576.86
2844,75988.05
9047,96654.27
6008,16156.92
8645,50430.47
4237,58083.71
1796,64307.89
4166,15616.25
6895,27570.94
3586,55158.61
3234,22312.98
4046,39744.05
3379,51283.81
8128,36091.05
7677,59469.17
6651,66129.16
9791,82776.12
5325,63253.22
5367,11853.66
8045,4010.55
7832,56929.65
1685,14628.79
7502,15429.18
7647,82160.28
3727,46543.24
8030,76413.26
8405,11234.01
2809,40404.78
3071,97065.79
1810,79767.22
7280,72214.68
2107,81093.9
9935,45538.07
1302,62054.55
7958,67788.33
9542,14775.91
7611,90904.52
4903,23887.01
7240,81427.48
9934,18051.26
9682,87124.73
4841,18991.13
7743,9743.55
3754,85323.01
4238,28739.74
5974,48443.14
6462,85500.48
5991,9762.04
8054,63102.25
3490,19417.34
6317,34995.97
1631,93619.59
1090,93753.8
4482,59224.7
6435,90470.03
6672,51589.98
1804,42403.73
3770,57856.05
9998,47840.6
4884,66677.82
1615,91062.49
1436,76535.53
7892,47444.68
1234,60213.7
5685,6916.97
8155,13846.39
7348,39732.53
4176,43537.89
3846,33362.59
9664,69304.59
1469,96554.3
1482,29443.91
6499,63014.36
8315,71474.04
1567,4889.31
3761,23065.15
2294,1045.37
6299,99221.32
9624,70652.03
7414,35275.24
6174,57086.62
8095,58155.07
3347,70781.16
9703,28001.07
6367,44908.67
8245,90355.68
9403,28767.66
7566,90986.07
8898,24751.6
9180,90139.54
7908,99019.03
8333,94487.47
8659,56502.53
3533,81061.94
4728,36403.96
5265,28772.95
4141,55401.93
1232,15588.42
7500,83945.86
6865,84638.33
1113,68953.56
9779,29333.03
7119,47111.48
9892,70062.9
7601,65521.25
5620,23435.01
7667,13970.76
8004,76579.67
4598,90714.5
6308,62150.39
9701,45538.5
2681,7800.62
5623,96433.98
2754,76971.27
3348,97473.38
4365,51238.83
2562,84750.98
1783,86928.06
3704,25102.74
6213,74265.33
6638,17197.2
7406,48808.82
4813,44428.46
7514,69936.12
8467,4807.09
7635,83565.16
6198,51207.16
2785,22748.13
2771,80987.78
9020,17480.7
3115,84707.39
1786,79508.27
4440,88488.36
4625,55255.28
4047,12583.87
6855,54987.66
3750,55424.36
3272,24576.57
8803,5651.25
3791,18344.65
7209,78242.0
4449,31029.57
2953,91329.55
8949,79855.61
4366,89946.83
2787,14322.37
9415,78386.43
7228,69867.24
6257,48599.76
7785,45374.91
3145,72186.64
5395,47759.86
2900,59128.84
5117,6882.8
9760,38096.53
4875,73240.07
1970,13871.35
5778,62730.75
2540,95151.43
2918,44078.61
3664,78747.92
9361,99224.73
5503,41848.91
6941,23767.66
9104,46632.21
3059,33742.33
8808,83571.54
8475,36094.58
2073,73458.09
9578,55572.0
6472,31034.05
6877,68031.55
1256,36279.26
7616,32350.68
2705,66846.57
8000,32825.49
1038,62848.93
8034,18375.49
8766,7838.69
6307,63321.75
1013,55865.41
4261,23591.22
5593,4326.5
5904,26759.53
1679,73811.91
3389,37153.55
9596,62958.3
8734,43715.18
8855,92792.79
8598,20099.85
4222,22502.74
3514,14062.32
2576,62239.75
2044,85824.26
3208,53785.37
3873,74973.52
6923,35326.92
2478,96190.91
8532,4931.32
7713,21606.2
6680,14574.72
6030,46276.96
2226,43711.79
9432,28985.96
9655,87658.24
2576,82593.33
5180,29342.13
9208,13486.6
2632,16635.9
1694,90576.75
2425,65205.72
8330,72007.35
7720,16025.18
9520,43367.93
8742,39737.03
5175,34202.58
3389,90611.05
9372,50284.55
8874,34879.74
6900,90842.19
1698,76165.08
3093,96752.41
2738,21897.71
1521,29667.76
7291,14418.01
2342,19814.06
2587,62455.39
3391,6191.48
2592,66034.11
3140,24177.79
1127,51066.88
1197,50522.69
1038,73455.19
8170,43930.04
3656,2575.28
2636,37680.58
9157,73494.7
6805,7927.15
7154,33765.15
2131,71043.01
6381,14966.19
6875,96031.93
5025,76592.64
5098,59406.04
5152,89496.63
4370,1329.57
5800,92279.56
5491,18023.4
5495,3766.56
2447,50811.39
2824,70603.27
8693,92621.52
9829,79549.37
5118,25391.05
9345,10775.28
9310,6138.13
8792,59850.68
2593,25263.33
6177,45835.25
7121,67467.47
9215,66662.79
7862,13069.06
1763,56786.13
1831,97991.7
8776,13122.43
4358,17781.7
5487,78464.57
1803,81202.11
9734,23049.52
7951,8423.34
2889,35710.02
1219,92465.88
8256,60288.33
5002,1825.55
3695,94634.74
4115,89244.02
4908,55619.43
4095,36900.3
2763,14635.78
9656,69944.38
7995,54104.32
3588,15505.2
5370,38397.09
1317,23148.82
9164,84631.48
6844,36344.93
1586,82859.16
5755,81750.52
2965,19789.71
8096,52103.94
5826,81882.88
5506,1664.72
3531,68199.2
1816,35535.14
4218,95197.89
1157,66763.89
2560,12464.33
4305,50497.24
4441,77934.71
6997,35553.11
3267,82522.15
5974,14741.89
